<?xml version="1.0" encoding="UTF-8"?>
<!DOCTYPE mapper PUBLIC "-//mybatis.org//DTD Mapper 3.0//EN" "http://mybatis.org/dtd/mybatis-3-mapper.dtd">
<mapper namespace="com.chen.blog.dao.AdminMapper">


    <cache type="org.mybatis.caches.ehcache.EhcacheCache"/>

    <resultMap id="BaseResultMap" type="com.chen.blog.pojo.Admin">
        <constructor>
            <idArg column="account_id" javaType="java.lang.String" jdbcType="VARCHAR"/>
            <arg column="name" javaType="java.lang.String" jdbcType="VARCHAR"/>
            <arg column="head" javaType="java.lang.String" jdbcType="VARCHAR"/>
            <arg column="sign" javaType="java.lang.String" jdbcType="VARCHAR"/>
            <arg column="password" javaType="java.lang.String" jdbcType="VARCHAR"/>
        </constructor>
    </resultMap>
    <sql id="Base_Column_List">
    account_id, name, head, sign, password
  </sql>
    <select id="selectByPrimaryKey" parameterType="java.lang.String" resultMap="BaseResultMap">
        select
        <include refid="Base_Column_List"/>
        from `admin`
        where account_id = #{accountId,jdbcType=VARCHAR}
    </select>
    <delete id="deleteByPrimaryKey" parameterType="java.lang.String">
    delete from `admin`
    where account_id = #{accountId,jdbcType=VARCHAR}
  </delete>
    <insert id="insert" parameterType="com.chen.blog.pojo.Admin">
    insert into admin (account_id, name, head, 
      sign, password)
    values (#{accountId,jdbcType=VARCHAR}, #{name,jdbcType=VARCHAR}, #{head,jdbcType=VARCHAR}, 
      #{sign,jdbcType=VARCHAR}, #{password,jdbcType=VARCHAR})
  </insert>
    <insert id="insertSelective" parameterType="com.chen.blog.pojo.Admin">
        insert into admin
        <trim prefix="(" suffix=")" suffixOverrides=",">
            <if test="accountId != null">
                account_id,
            </if>
            <if test="name != null">
                name,
            </if>
            <if test="head != null">
                head,
            </if>
            <if test="sign != null">
                sign,
            </if>
            <if test="password != null">
                password,
            </if>
        </trim>
        <trim prefix="values (" suffix=")" suffixOverrides=",">
            <if test="accountId != null">
                #{accountId,jdbcType=VARCHAR},
            </if>
            <if test="name != null">
                #{name,jdbcType=VARCHAR},
            </if>
            <if test="head != null">
                #{head,jdbcType=VARCHAR},
            </if>
            <if test="sign != null">
                #{sign,jdbcType=VARCHAR},
            </if>
            <if test="password != null">
                #{password,jdbcType=VARCHAR},
            </if>
        </trim>
    </insert>
    <update id="updateByPrimaryKeySelective" parameterType="com.chen.blog.pojo.Admin">
        update `admin`
        <set>
            <if test="name != null">
                name = #{name,jdbcType=VARCHAR},
            </if>
            <if test="head != null">
                head = #{head,jdbcType=VARCHAR},
            </if>
            <if test="sign != null">
                sign = #{sign,jdbcType=VARCHAR},
            </if>
            <if test="password != null">
                password = #{password,jdbcType=VARCHAR},
            </if>
        </set>
        where account_id = #{accountId,jdbcType=VARCHAR}
    </update>
    <update id="updateByPrimaryKey" parameterType="com.chen.blog.pojo.Admin">
    update `admin`
    set name = #{name,jdbcType=VARCHAR},
      head = #{head,jdbcType=VARCHAR},
      sign = #{sign,jdbcType=VARCHAR},
      password = #{password,jdbcType=VARCHAR}
    where account_id = #{accountId,jdbcType=VARCHAR}
  </update>
</mapper>