<?xml version="1.0" encoding="UTF-8"?>
<!DOCTYPE mapper PUBLIC "-//mybatis.org//DTD Mapper 3.0//EN" "http://mybatis.org/dtd/mybatis-3-mapper.dtd">
<mapper namespace="com.chen.blog.dao.CommentInfoMapper">

    <cache type="org.mybatis.caches.ehcache.EhcacheCache"/>

    <resultMap id="BaseResultMap" type="com.chen.blog.pojo.CommentInfo">
        <constructor>
            <idArg column="id" javaType="java.lang.Integer" jdbcType="INTEGER"/>
            <arg column="comment_id" javaType="java.lang.Integer" jdbcType="INTEGER"/>
        </constructor>
    </resultMap>
    <sql id="Base_Column_List">
    id, comment_id
  </sql>
    <select id="selectByPrimaryKey" parameterType="java.lang.Integer" resultMap="BaseResultMap">
        select
        <include refid="Base_Column_List"/>
        from info
        where id = #{id,jdbcType=INTEGER}
    </select>
    <delete id="deleteByPrimaryKey" parameterType="java.lang.Integer">
    delete from info
    where id = #{id,jdbcType=INTEGER}
  </delete>
    <insert id="insert" parameterType="com.chen.blog.pojo.CommentInfo">
    insert into info (id, comment_id)
    values (#{id,jdbcType=INTEGER}, #{commentId,jdbcType=INTEGER})
  </insert>
    <insert id="insertSelective" parameterType="com.chen.blog.pojo.CommentInfo">
        insert into info
        <trim prefix="(" suffix=")" suffixOverrides=",">
            <if test="id != null">
                id,
            </if>
            <if test="commentId != null">
                comment_id,
            </if>
        </trim>
        <trim prefix="values (" suffix=")" suffixOverrides=",">
            <if test="id != null">
                #{id,jdbcType=INTEGER},
            </if>
            <if test="commentId != null">
                #{commentId,jdbcType=INTEGER},
            </if>
        </trim>
    </insert>
    <update id="updateByPrimaryKeySelective" parameterType="com.chen.blog.pojo.CommentInfo">
        update info
        <set>
            <if test="commentId != null">
                comment_id = #{commentId,jdbcType=INTEGER},
            </if>
        </set>
        where id = #{id,jdbcType=INTEGER}
    </update>
    <update id="updateByPrimaryKey" parameterType="com.chen.blog.pojo.CommentInfo">
    update info
    set comment_id = #{commentId,jdbcType=INTEGER}
    where id = #{id,jdbcType=INTEGER}
  </update>

    <!--注意的是这里 字段commentId 是info表中的id-->
    <resultMap id="commentVoMap" type="com.chen.blog.vo.CommentVo">
        <id property="commentId" column="id"/>
        <result property="contentId" column="content_id"/>
        <result property="contentTitle" column="title"/>
        <result property="createTime" column="create_time"/>
        <result property="detail" column="detail"/>
        <result property="email" column="email"/>
    </resultMap>

    <!--注意的是这里 字段commentId 是info表中的id-->
    <select id="selectUnHandlerInfos" resultMap="commentVoMap">
        select
        info.id as id,content.id as content_id,content.title,comment.create_time,comment.detail,comment.email
        from comment join content on comment.content_id=content.id JOIN info ON comment.id=info.comment_id
        order by comment.create_time desc
    </select>

    <select id="selectCount" resultType="int">
        select count(1)
        from info
    </select>

    <delete id="deleteAll">
        delete from info
    </delete>
</mapper>