<?xml version="1.0" encoding="UTF-8"?>
<!DOCTYPE mapper PUBLIC "-//mybatis.org//DTD Mapper 3.0//EN" "http://mybatis.org/dtd/mybatis-3-mapper.dtd">
<mapper namespace="com.chen.blog.dao.ContentMapper">

    <cache type="org.mybatis.caches.ehcache.EhcacheCache"/>

    <resultMap id="BaseResultMap" type="com.chen.blog.pojo.Content">
        <constructor>
            <idArg column="id" javaType="java.lang.Integer" jdbcType="INTEGER"/>
            <arg column="detail" javaType="java.lang.String" jdbcType="VARCHAR"/>
            <arg column="label_id" javaType="java.lang.Integer" jdbcType="INTEGER"/>
            <arg column="read_count" javaType="java.lang.Integer" jdbcType="INTEGER"/>
            <arg column="create_time" javaType="java.util.Date" jdbcType="TIMESTAMP"/>
            <arg column="title" javaType="java.lang.String" jdbcType="VARCHAR"/>
            <arg column="content_type" javaType="java.lang.Integer" jdbcType="INTEGER"/>
        </constructor>
    </resultMap>
    <sql id="Base_Column_List">
    id, detail, label_id, read_count, create_time,title,content_type
  </sql>
    <select id="selectByPrimaryKey" parameterType="java.lang.Integer" resultMap="BaseResultMap">
        select
        <include refid="Base_Column_List"/>
        from content
        where id = #{id,jdbcType=INTEGER}
    </select>
    <delete id="deleteByPrimaryKey" parameterType="java.lang.Integer">
    delete from content
    where id = #{id,jdbcType=INTEGER}
  </delete>
    <insert id="insert" parameterType="com.chen.blog.pojo.Content">
    insert into content (id, detail, label_id, 
      read_count, create_time,title,content_type)
    values (#{id,jdbcType=INTEGER}, #{detail,jdbcType=VARCHAR}, #{labelId,jdbcType=INTEGER}, 
      #{readCount,jdbcType=INTEGER}, #{createTime,jdbcType=TIMESTAMP},#{title},#{contentType})
  </insert>
    <insert id="insertSelective" parameterType="com.chen.blog.pojo.Content">
        insert into content
        <trim prefix="(" suffix=")" suffixOverrides=",">
            <if test="id != null">
                id,
            </if>
            <if test="detail != null">
                detail,
            </if>
            <if test="labelId != null">
                label_id,
            </if>
            <if test="readCount != null">
                read_count,
            </if>
            <if test="createTime != null">
                create_time,
            </if>
            <if test="title != null">
                title,
            </if>
            <if test="contentType != null">
                content_type,
            </if>
        </trim>
        <trim prefix="values (" suffix=")" suffixOverrides=",">
            <if test="id != null">
                #{id,jdbcType=INTEGER},
            </if>
            <if test="detail != null">
                #{detail,jdbcType=VARCHAR},
            </if>
            <if test="labelId != null">
                #{labelId,jdbcType=INTEGER},
            </if>
            <if test="readCount != null">
                #{readCount,jdbcType=INTEGER},
            </if>
            <if test="createTime != null">
                #{createTime,jdbcType=TIMESTAMP},
            </if>
            <if test="title != null">
                #{title},
            </if>
            <if test="contentType != null">
                #{contentType},
            </if>
        </trim>
    </insert>
    <update id="updateByPrimaryKeySelective" parameterType="com.chen.blog.pojo.Content">
        update content
        <set>
            <if test="detail != null">
                detail = #{detail,jdbcType=VARCHAR},
            </if>
            <if test="labelId != null">
                label_id = #{labelId,jdbcType=INTEGER},
            </if>
            <if test="readCount != null">
                read_count = #{readCount,jdbcType=INTEGER},
            </if>
            <if test="createTime != null">
                create_time = #{createTime,jdbcType=TIMESTAMP},
            </if>
            <if test="title != null">
                title = #{title},
            </if>
            <if test="contentType != null">
                content_type = #{contentType},
            </if>
        </set>
        where id = #{id,jdbcType=INTEGER}
    </update>
    <update id="updateByPrimaryKey" parameterType="com.chen.blog.pojo.Content">
    update content
    set detail = #{detail,jdbcType=VARCHAR},
      label_id = #{labelId,jdbcType=INTEGER},
      read_count = #{readCount,jdbcType=INTEGER},
      create_time = #{createTime,jdbcType=TIMESTAMP},
      title = #{title},content_type = #{contentType}
    where id = #{id,jdbcType=INTEGER}
  </update>

    <select id="selectContentByLabelsId" resultMap="BaseResultMap" parameterType="integer">
        select
        <include refid="Base_Column_List"/>
        from content
        where label_id =#{id}
    </select>

    <select id="selectContentForAll" resultMap="BaseResultMap">
        select
        <include refid="Base_Column_List"/>
        from content order by create_time desc
    </select>

    <update id="updateForReadCount" parameterType="integer">
        update content set read_count = read_count+1
        where id = #{id}
    </update>

    <select id="searchContentByDetail" resultMap="BaseResultMap" parameterType="string">
        select
        <include refid="Base_Column_List"/>
        from content
        where detail like #{msg} or title like #{msg} order by create_time desc
    </select>

    <select id="selectCount" resultType="int">
        select count(1) from content
    </select>

    <select id="selectReadCountById" resultType="int" parameterType="integer">
        select read_count from content
        where id = #{id}
    </select>

    <update id="updateReadCountByID" parameterType="map">
        update content set read_count = #{count}
        where id = #{id}
    </update>
</mapper>