<?xml version="1.0" encoding="UTF-8"?>
<!DOCTYPE mapper PUBLIC "-//mybatis.org//DTD Mapper 3.0//EN" "http://mybatis.org/dtd/mybatis-3-mapper.dtd">
<mapper namespace="com.chen.blog.dao.LabelsMapper">

    <cache type="org.mybatis.caches.ehcache.EhcacheCache"/>

    <resultMap id="BaseResultMap" type="com.chen.blog.pojo.Labels">
        <constructor>
            <idArg column="id" javaType="java.lang.Integer" jdbcType="INTEGER"/>
            <arg column="parent_id" javaType="java.lang.Integer" jdbcType="INTEGER"/>
            <arg column="name" javaType="java.lang.String" jdbcType="VARCHAR"/>
        </constructor>
    </resultMap>
    <sql id="Base_Column_List">
    id, parent_id, name
  </sql>
    <select id="selectByPrimaryKey" parameterType="java.lang.Integer" resultMap="BaseResultMap">
        select
        <include refid="Base_Column_List"/>
        from labels
        where id = #{id,jdbcType=INTEGER}
    </select>
    <delete id="deleteByPrimaryKey" parameterType="java.lang.Integer">
    delete from labels
    where id = #{id,jdbcType=INTEGER}
  </delete>
    <insert id="insert" parameterType="com.chen.blog.pojo.Labels">
    insert into labels (id, parent_id, name
      )
    values (#{id,jdbcType=INTEGER}, #{parentId,jdbcType=INTEGER}, #{name,jdbcType=VARCHAR}
      )
  </insert>
    <insert id="insertSelective" parameterType="com.chen.blog.pojo.Labels">
        insert into labels
        <trim prefix="(" suffix=")" suffixOverrides=",">
            <if test="id != null">
                id,
            </if>
            <if test="parentId != null">
                parent_id,
            </if>
            <if test="name != null">
                name,
            </if>
        </trim>
        <trim prefix="values (" suffix=")" suffixOverrides=",">
            <if test="id != null">
                #{id,jdbcType=INTEGER},
            </if>
            <if test="parentId != null">
                #{parentId,jdbcType=INTEGER},
            </if>
            <if test="name != null">
                #{name,jdbcType=VARCHAR},
            </if>
        </trim>
    </insert>
    <update id="updateByPrimaryKeySelective" parameterType="com.chen.blog.pojo.Labels">
        update labels
        <set>
            <if test="parentId != null">
                parent_id = #{parentId,jdbcType=INTEGER},
            </if>
            <if test="name != null">
                name = #{name,jdbcType=VARCHAR},
            </if>
        </set>
        where id = #{id,jdbcType=INTEGER}
    </update>
    <update id="updateByPrimaryKey" parameterType="com.chen.blog.pojo.Labels">
    update labels
    set parent_id = #{parentId,jdbcType=INTEGER},
      name = #{name,jdbcType=VARCHAR}
    where id = #{id,jdbcType=INTEGER}
  </update>

    <delete id="deleteLablesAndChildByKey" parameterType="integer">
        delete from labels
        where id = #{id} OR parent_id = #{id}
    </delete>

    <select id="selectAll" resultMap="BaseResultMap">
        select
        <include refid="Base_Column_List"/>
        from labels
    </select>

    <select id="selectLabelsByParentId" resultMap="BaseResultMap" parameterType="integer">
        select
        <include refid="Base_Column_List"/>
        from labels
        where parent_id = #{id}
    </select>

    <select id="selectLabelsByFinalChild" resultMap="BaseResultMap">
        select
        <include refid="Base_Column_List"/>
        from labels
        where id NOT IN (select parent_id FROM labels)
    </select>

</mapper>