<?xml version="1.0" encoding="UTF-8"?>
<!DOCTYPE mapper PUBLIC "-//mybatis.org//DTD Mapper 3.0//EN" "http://mybatis.org/dtd/mybatis-3-mapper.dtd">
<mapper namespace="com.chen.blog.dao.ResourcesMapper">

    <cache type="org.mybatis.caches.ehcache.EhcacheCache"/>

    <resultMap id="BaseResultMap" type="com.chen.blog.pojo.Resources">
        <constructor>
            <idArg column="id" javaType="java.lang.Integer" jdbcType="INTEGER"/>
            <arg column="title" javaType="java.lang.String" jdbcType="VARCHAR"/>
            <arg column="create_time" javaType="java.util.Date" jdbcType="TIMESTAMP"/>
            <arg column="detail" javaType="java.lang.String" jdbcType="VARCHAR"/>
            <arg column="url" javaType="java.lang.String" jdbcType="VARCHAR"/>
            <arg column="click_count" javaType="java.lang.Integer" jdbcType="INTEGER"/>
        </constructor>
    </resultMap>
    <sql id="Base_Column_List">
    id, title, create_time, detail, url, click_count
  </sql>
    <select id="selectByPrimaryKey" parameterType="java.lang.Integer" resultMap="BaseResultMap">
        select
        <include refid="Base_Column_List"/>
        from resources
        where id = #{id,jdbcType=INTEGER}
    </select>
    <delete id="deleteByPrimaryKey" parameterType="java.lang.Integer">
    delete from resources
    where id = #{id,jdbcType=INTEGER}
  </delete>
    <insert id="insert" parameterType="com.chen.blog.pojo.Resources">
    insert into resources (id, title, create_time, 
      detail, url, click_count
      )
    values (#{id,jdbcType=INTEGER}, #{title,jdbcType=VARCHAR}, #{createTime,jdbcType=TIMESTAMP}, 
      #{detail,jdbcType=VARCHAR}, #{url,jdbcType=VARCHAR}, #{clickCount,jdbcType=INTEGER}
      )
  </insert>
    <insert id="insertSelective" parameterType="com.chen.blog.pojo.Resources">
        insert into resources
        <trim prefix="(" suffix=")" suffixOverrides=",">
            <if test="id != null">
                id,
            </if>
            <if test="title != null">
                title,
            </if>
            <if test="createTime != null">
                create_time,
            </if>
            <if test="detail != null">
                detail,
            </if>
            <if test="url != null">
                url,
            </if>
            <if test="clickCount != null">
                click_count,
            </if>
        </trim>
        <trim prefix="values (" suffix=")" suffixOverrides=",">
            <if test="id != null">
                #{id,jdbcType=INTEGER},
            </if>
            <if test="title != null">
                #{title,jdbcType=VARCHAR},
            </if>
            <if test="createTime != null">
                #{createTime,jdbcType=TIMESTAMP},
            </if>
            <if test="detail != null">
                #{detail,jdbcType=VARCHAR},
            </if>
            <if test="url != null">
                #{url,jdbcType=VARCHAR},
            </if>
            <if test="clickCount != null">
                #{clickCount,jdbcType=INTEGER},
            </if>
        </trim>
    </insert>
    <update id="updateByPrimaryKeySelective" parameterType="com.chen.blog.pojo.Resources">
        update resources
        <set>
            <if test="title != null">
                title = #{title,jdbcType=VARCHAR},
            </if>
            <if test="createTime != null">
                create_time = #{createTime,jdbcType=TIMESTAMP},
            </if>
            <if test="detail != null">
                detail = #{detail,jdbcType=VARCHAR},
            </if>
            <if test="url != null">
                url = #{url,jdbcType=VARCHAR},
            </if>
            <if test="clickCount != null">
                click_count = #{clickCount,jdbcType=INTEGER},
            </if>
        </set>
        where id = #{id,jdbcType=INTEGER}
    </update>
    <update id="updateByPrimaryKey" parameterType="com.chen.blog.pojo.Resources">
    update resources
    set title = #{title,jdbcType=VARCHAR},
      create_time = #{createTime,jdbcType=TIMESTAMP},
      detail = #{detail,jdbcType=VARCHAR},
      url = #{url,jdbcType=VARCHAR},
      click_count = #{clickCount,jdbcType=INTEGER}
    where id = #{id,jdbcType=INTEGER}
  </update>

    <select id="selectResourceAll" resultMap="BaseResultMap">
        select
        <include refid="Base_Column_List"/>
        from resources
        order by create_time desc
    </select>

    <select id="selectCount" resultType="int">
        select count(1) from resources
    </select>

</mapper>